{
  "A100PCIE": {
    "PCB": 1.19616,
    "PDN": 15.681818,
    "SoC": 41.5,
    "connection": 0.925,
    "cooling": 19.691667,
    "memory": 11.2,
    "sum": 90.194645
  },
  "A100SXM": {
    "PCB": 1.19616,
    "PDN": 20.909091,
    "SoC": 20.52,
    "connection": 0.925,
    "cooling": 31.506667,
    "memory": 68.0,
    "sum": 143.056918
  },
  "A40": {
    "PCB": 1.0976,
    "PDN": 18.295455,
    "SoC": 15.72,
    "connection": 0.925,
    "cooling": 23.63,
    "memory": 17.28,
    "sum": 76.948055
  },
  "A5500": {
    "PCB": 1.0976,
    "PDN": 14.375,
    "SoC": 8.25,
    "connection": 0.925,
    "cooling": 18.116333,
    "memory": 8.64,
    "sum": 51.403933
  },
  "A6000": {
    "PCB": 1.0976,
    "PDN": 18.295455,
    "SoC": 15.72,
    "connection": 0.925,
    "cooling": 23.63,
    "memory": 17.28,
    "sum": 76.948055
  },
  "GH200SXM": {
    "PCB": 1.18992,
    "PDN": 28.75,
    "SoC": 41.5,
    "connection": 0.925,
    "cooling": 6.5,
    "memory": 81.6,
    "sum": 160.46492
  },
  "H100HGX": {
    "PCB": 1.18992,
    "PDN": 28.75,
    "SoC": 41.5,
    "connection": 0.925,
    "cooling": 6.5,
    "memory": 68.0,
    "sum": 146.86492
  },
  "H100PCIE": {
    "PCB": 1.18992,
    "PDN": 19.602273,
    "SoC": 41.5,
    "connection": 0.925,
    "cooling": 27.568333,
    "memory": 68.0,
    "sum": 158.785526
  },
  "L4": {
    "PCB": 0.37856,
    "PDN": 6.534091,
    "SoC": 7.5,
    "connection": 0.925,
    "cooling": 5.6712,
    "memory": 8.64,
    "sum": 29.648851
  },
  "T4": {
    "PCB": 0.45696,
    "PDN": 6.534091,
    "SoC": 6.31,
    "connection": 0.925,
    "cooling": 5.513667,
    "memory": 5.76,
    "sum": 25.499718
  },
  "V100PCIE": {
    "PCB": 1.19616,
    "PDN": 15.681818,
    "SoC": 9.315,
    "connection": 0.925,
    "cooling": 19.691667,
    "memory": 8.96,
    "sum": 55.769645
  }
}
